PrimaryContact,AlternateContact
Aahlada Thota,Marten Keskkula
Aakarsha Nookala,Ilgonis Rozitis
Aakriti Bhamidipati,Sakchai Supitayaporn
Aakriti Byrraju,NULL
Aamdaal Kamasamudram,Karita Rosberg
Abel Spirlea,NULL
Abel Tatarescu,NULL
Abhaya Rambhatla,Naveed Alizadeh
Abhoy PrabhupÄda,Seok-Ho Jeon
Abhra Ganguly,NULL
Abhra Thakur,Uma Khalsa
Adam Dvorak,Dhanishta Vankayala
Adam Kubat,Gulzar Naidu
Adirake Saenamuang,Leena De
Adrian Andreasson,NULL
Adriana Horackova,Suniti Bhat
Adriana Pena,NULL
Adrijana Blagojevic,Lina Martins
Ae-Cha Joo,Jawid Pourali
Afshin Djalili,Vaclav Holy
Agnes Szolosy,Yu-jin Jee
Agrita Abele,NULL
Agrita Kalnina,Burak ozden
Agrita Kanepa,NULL
Aija Lukstina,Sanjay Cheema
Aija Mottola,Elli Berg
Aija Zvaigzne,Dharanikumaar Sonti
Aile Aasmae,Ezgi Kaya
Aile Mae,Margherita Lucchesi
Aino Kallas,Dhaaruni Vinjamuri
Airi Vassiljev,Hoang La
Aishwarya Dantuluri,NULL
Aive Petrov,NULL
Ajitaab Pakalapati,NULL
Akanksha Iyengar,Markus Kantee
Akanksha Sarma,Edward Alfred
Akhil Nadar,NULL
Akhtar Shahrestaani,Priya Joshi
Akshayakeerti Jandhyala,Tereza Stolinova
Alain Pelland,Ik-Soo Jo
Alba Ponce,Antra Dzene
Alejandro Escobar,Milada Hadrabova
Aleksander Jarvi,Kurt Konecny
Aleksandrs Riekstins,NULL
Alena Kellnerova,NULL
Alena Prikrylova,Catina Bojin
Alida Caune,Indiana Fritzsche
Alinne Cardoso,Uma Pandit
Alinne Matos,NULL
Allan Mannik,NULL
Alvin Bollinger,NULL
Am Lo,Edmee Schol
Amarakumaar Gadiyaram,NULL
Amarasimha Vinjamuri,NULL
Amarendra Ankitham,Isak Berggren
Amet Shergill,NULL
Amrita Ganguly,NULL
An Dung Ngo,Pranav Yadav
An Dung Phung,Ioana Ibanescu
Ana Florea,NULL
Ana Julijana Isa,Libor Klaus
Anand Mudaliyar,NULL
Anca Gogean,NULL
Anda Liepa,Deakshitulu Paruchuri
Andrea Ricci,Chung-Ho Han
Andris Saulitis,NULL
Andris Vitols,Lana Larsson
Anete Kundzina,Petr Drdla
Angelina Gormanston,Prasanna Shetty
Anil Sarkar,NULL
Anindo Mazumdar,Tarja Saikkonen
Anindya Ghatak,NULL
Anirban Sen,Joel Koivisto
Anjali Asthana,Hanuman Negi
Ankolika Sen,Kristophe  Couet
Anna Gyarmathi,NULL
Anna Mazzanti,NULL
Annette  Hetu,NULL
Arijit Bhuiyan,NULL
Arka Chatterjee,NULL
Arnab Malakar,Anupam Majumdar
Åšani Nair,Cuc Tu
Åšani Sen,Ngu Hoa
Asha Mudigonda,Jaya Benjaree
Ashish Acharya,Filip Sedlar
Astrid Poisson,Timotej stakne
Ava Edden,Adirake Narkbunnum
Avanti Nishad,Gino Sal
Ayberk sahin,Magda Ciora
Baalaaditya Rallapalli,Antonin Holy
Baalaamani Veturi,Gustav Korjus
Baalaamjali Devulapalli,NULL
Baanuraekha Voleti,Renata Alva
Badari Chadalavada,Zala Ude
Baebeesarasvati Kamasamudram,Hana Palatova
Bahaar Asef zade,NULL
Bala Dixit,NULL
Banshari De,Sudhir Yadav
Bansidhar Mitra,Liia Mae
Bao Dao,Viljo Lampsa
Baran Jonsson,NULL
Basak Tekin,Nicole Martinez
Bay Ly,Sanjiv Raina
Be Trang,NULL
Beatrise Bite,Hele Semjonov
Bhaagyalakshmi Muppavarapu,Durjoy Bose
Bhaamini Kanaparthi,Sun-Hi Oh
Bhaamini Palagummi,NULL
Bhaargav Rambhatla,Mudar Jevtic
Bhaavan Rai,NULL
Bhadram Kamasamudram,NULL
Bhagavaan Atluri,NULL
Bhagavateeprasaad Malladi,NULL
Bhagavati Vinjamuri,NULL
Bhairaam Kidambi,Aleksandrs Cirulis
Bhanu Thota,Cyrus Poursokh
Bharat Ankitham,Be Phan
Bharat Sikdar,Alain Aupry
Bhavani Bhowmick,Ivica Debeljak
Bianh Phan,Kanti Pipalia
Bich Banh,Lennart Kask
Bijoya Thakur,NULL
Biju Deb,NULL
Bimla PrabhupÄda,NULL
Bing Han,NULL
Bipin Modi,Dattaatraeya Vangapandu
Biplab De,Dhanishta Kidambi
Bishwa Chatterjee,NULL
Bishwanath Ghosh,Gasper Jovicevic
Biswajeet Thakur,Radha Shah
Blanka Stavinohova,Josefa Diaz
Brenda Morgan,Kamal Nakhtare
Brita Jarvi,Lucie Hrdlickova
Bryan Helms,Julianna Makay
Calin Bojin,Maxime Westerink
Camille Authier,NULL
Can ozcan,NULL
Catalina Nechita,Robert Cosic
Caterina Fallaci,Brayden Macnamara
Caterina Pinto,NULL
Celica Barajas,NULL
Ceyhun sahin,Dhir Bhattacharya
Cezar Pavel,Bahaar Yekta
Chaayaadaevi Sonti,NULL
Chandana Shasthri,NULL
Chandni Jandhyala,Verona Sykorova
Chandrakanta Benjaree,Joy Das
Chandrakanta Raut,Ivan Castellanos
Chandranath Bose,Gaurav Acharya
Chandrashekhar Dasgupta,NULL
Charline Flamand,Dhavala Alladi
Chati Ornlamai,Tajana Lovric
Chetana Kamath,Isabelina Flores
Chin-Sun Chang,NULL
Chompoo Atitarn,NULL
Christian Couet,NULL
Chuan Wattanasin,NULL
Clarissa Manfrin,NULL
Claude Bonsaint,Gopal Thakur
Cong Hoa,NULL
Constanza Laureano,Sunil Nakhtare
Coralie Emond,Cong Trung
Corneliu Vladu,Ivo Valek
Cosmina Vlad,NULL
Crina Grasu,NULL
Crina Nechita,Yi Min Zhong
Cristina Longo,Antonio Lucchese
Cuneyt Arslan,NULL
Daakshaayaani Kommineni,NULL
Daakshaayaani Sankaramanchi,NULL
Daedeepya Thota,Lekha Sen
Daevasree Samavedam,NULL
Damodar Shenoy,NULL
Damodara Trivedi,NULL
Dana Mrazova,Saraswati Beniwal
Daniel Magnusson,Cemal Dogan
Daniel Martensson,NULL
Daniel Roman,Leyla Radnia
Daniela Barrios,Daina Celma
Daniela Dumina,Fahmidah Fallahi
Daniela Sal,Kunal Nakhtare
Daniella Barbosa,Nancy Hansson
Daniella Cavalcante,NULL
Darakhshan Javaherian,Alexandre  L'Angelier
Darshan Gupta,Prem Reddy
Darshana Madhunapantula,NULL
Dattaatraeya Tottempudi,Emilia Samaniego
David Jaramillo,NULL
"David Novacek ",NULL
David safranek,NULL
Dayaram Mishra,Gal Kokeza
Dayarama Kamei,Elisabeth Flamand
Deakshitulu Mokkapati,Tereza PinÄakova
Debbie Molina,NULL
Debraj Sanyal,Tara KlanCisar
Deepesh Bose,Ambareesh Madhunapantula
Dena Glissen,NULL
Denisa Ioveanu,Cosmin Nutiu
Devendranath Huq,Vicente Cabrera
Devi Dewangan,William Bordelon
Deviprasad PrabhupÄda,Tess Seegers
Devraj Rao,NULL
Dhaatri Chavva,NULL
Dhaeraemdranaadh Allu,Abel Pirvu
Dhaeraemdranaadh Pamulaparthi,Victoria Brezeanu
Dhanishta Majji,Nils Podnieks
Dhanishta Mokkapati,NULL
Dhanishta Pullela,NULL
Didem ozCelik,Krista Andrejev
Dilara Ayhan,Virgiliu Vladu
Dimitry Nechita,Meredith Padilla
Dimitry Profis,Manindra Desai
Dinara Saparkyzy,Karel Sedlar
Dinh Mai,NULL
Dipali Sonkar,Mariana Apodaca
Dipti Shah,NULL
Divyendu Chakraborty,Rita Kauppi
Dominic Davignon,NULL
Donato Araujo,Alaine Berthelette
Doru Munteanu,Ankita Mittal
Doru Tirlea,Hema Jujjavarapu
Drazenka Jelic,NULL
Drishti Bose,NULL
Duangrat Atitarn,Ella Celmina
Duck-Hwan Bae,Surya Mishra
Duleep Raju,Vlatka Duvnjak
Duleep Srivastava,Kurt Balog
Duleep Walia,Satish Gill
Dunja Radoncis,Olya Seleznyov
Durdanah Abbasi,NULL
Ebru Erdogan,NULL
Edgar Jogi,NULL
Edmee Glissen,NULL
Eekalabya Bose,Margherita Bucco
Eesvaraavu Ankitham,Angelina Karlsson
Elina Kaleja,NULL
Eliza Persson,NULL
Ella Zvirbule,Vicente ChÃ¡vez
Elnaz Javan,Jayashish Ghatak
Ema Slosar,Arto Heikkinen
Emil Roman,NULL
Emilie Hrdlickova,NULL
Emily Whittle,NULL
Emma Salpa,NULL
Emma Van Zant,NULL
Enes Olsson,Milada Kubatova
Eric Torres,NULL
Erik Malk,NULL
Ester Ahmadian,Kanika Mazumdar
Eugen Agafitei,NULL
Eva Schulteisz,NULL
Fabio Pena,Kauan Gomes
Fabrice Cloutier,NULL
Fanni Benko,Amar Dutta
Farzana Habibi,NULL
Femke Hollenberg,Roman Kubat
Ferhat Celik,Leyla Celik
Filips Jaunzems,Bharati Bhowmick
Flora Olofsson,Vitezslav Drdla
Francisca Laureano,NULL
Fransje Mutlu,Karel Hybl
Gabriela Chirila,Elina Bite
Gabriela Hernandes,NULL
Gabriela Srbova,Priya kaushal
Gabriele Udinesi,Murugan Dewangan
Ganapati Gadiyaram,Parsa Blijleven
Ganesh Majumdar,NULL
Ganesh Mukherjee,Hector Parra
Gasper Havzija,NULL
Gaurav Sikdar,Christian Berggren
Gayatri Gajula,NULL
Geza Roman,NULL
Gianguido Lucchesi,Harihar Chatterjee
Gilbert Pelland,Ngoc Cao
Gireesh Bhogireddy,Stanislav Zeman
Gi-Suk Heo,Roman Tomek
GokCe Karaca,Maria Munteanu
Gopalgobinda Sikdar,NULL
Gui-Hyun Ji,Karl Kangur
Gundega Kundzina,Damyanti Byrraju
Gunnar Lohmus,NULL
Gunnar Persson,Parvati Modi
Haasini Rai,Viktorie Melicharova
Hai Banh,NULL
Halit Gunes,Indu Nambiar
Hana Hlouskova,NULL
Hang Tang,Hong Ang
Hanita Nookala,NULL
Hanuman Dubey,Paola Loggia
Harri Kask,Rakhshinda Mansouri
Harsha Huq,NULL
Hedi Koppel,Teodors Klavins
Hee-Young Suh,NULL
Helene Dupuy,Antonio Trentini
Heloisa Fernandes,Amornrat Rattanaporn
Hemchandra Debnath,Bala Ogra
Himadri PrabhupÄda,Lukas Kohout
Hoc Le,Blagoje Pavlovic
Hoc Tran,NULL
Hue Ton,NULL
Hyun-Doo Song,BahadÄ±r Korkmaz
Ian Olofsson,NULL
Ida Celma,NULL
Ileana Aguilar,Cai Nguyen
Ilgonis Dzenis,Emine Gungor
Ilse Sandell,Tibor Harsanyi
Ingrida Celmina,Be Dang
Ingrida Zeltina,NULL
In-Su Bae,NULL
Intira Mookjai,Young-Tae Kim
Ioana Florea,NULL
Irene Sepp,Hubert Fields
Irma Berzina,NULL
Irma Kruze,VÄ›ra Stejskalova
Isa Hulsegge,NULL
Isabell  Duperre,Jasna Vujica
Isabelle Vodlan,Prakash Sarma
Isidora Morales,NULL
Isidora Urias,NULL
Ivan Sepulveda,NULL
Ivana Hadrabova,NULL
Ivica LuÄic,David Svoboda
Ivonna Ene,Girish Banerjee
Jack Carpenter,Am Lieu
Jack Walker,NULL
Jackson Kolios,NULL
Jae-Hwa Jang,Clara Cunha
Jae-Hwa Min,Rafael Pena
Jae-Hwa Shin,Mala Naicker
Jagoda Vasiljevic,Eero Raud
Jai Lamble,NULL
Jakub Lukes,NULL
Jan Zeman,Jukka-Pekk Saarijarvi
Jana Fialova,NULL
Jaroslav Fisar,NULL
Jasna Cerkez,NULL
Javier Caraballo,Coralie Brasseur
Javiera Madera,Geetanjali Bagchi
Jay Bhuiyan,NULL
Jayanta Thakur,NULL
Jelena Utjesenovic,Debbie Clark
Jessica Perrine,Mukta Sarkar
Jibek Juniskyzy,NULL
Jiri Vacha,Constanta Dita
Jitka Necesana,NULL
Joel Carrillo,NULL
Johanna Hoornstra,NULL
Johanna Huiting,Robert Ruutli
Josef Benda,Trishna Benipal
Juan Bezanson,Ruby Charlton
Juan Morse,NULL
Julia Konecna,Birgit Saar
Julia Slobodova,Raimonds Kalnins
Julio Correa,Hamsapriya Nandamuri
Jure Grabensek,Chompunut Jetjirawat
Jyoti Karnik,Dattu Gummadi
Kaan Tekin,Harshini Kommineni
Kadir Usenuly,Rajiv Shasthri
Kahkushan Shakiba,Hathai Mookjai
Kajsa Jakobsson,Elnaz Rahimi
Kalidas Nadar,Filip Nedvidek
Kalyani Benjaree,NULL
Kamala Nishad,NULL
Kamila Michnova,NULL
Kanti Kotadia,Hoa Cu
Karel Hanak,Fernanda Fierro
Karie Mercier,Milada Buresova
Karie Seymour,Lorenzo Lee
Karina Celmina,Nik Stoimenova
Katerina Hadrabova,NULL
Kaya ozbek,Lan Klanjcar
Kertu Smirnov,Lovro Kulaga
Kertu Sokk,NULL
Kimberly Pace,Shobha Gupta
Klara Rakus,Razeena Rezaei
Knut Svensson,NULL
Koknesis Vitols,Malle Sepp
Krishnam Allu,NULL
Kristi Part,NULL
Kristiina Ivanov,NULL
Kumar Kamei,NULL
Kumar Naicker,NULL
Kurt Lukes,Daman Devulapalli
Kwanjai Saowaluk,NULL
Laboni Deb,Antonin Klaus
Lakshmi Benipal,NULL
Lakshmi Roy,Kersti Mihhailov
Lalit Ogra,Badanika Vankayala
Lan Chu,Tereza Prikrylova
Lana Goransson,NULL
Lana Rozej,Kalpana Mukherjee
Lang Le,Bozena Divisova
Lap Dinh,August Astrom
Laszlo Gardenier,NULL
Lata Babu,Chandra De
Lata Khandke,Emil Nutiu
Laura Sykorova,NULL
Leila Carvalho,NULL
Lekha Mitra,Seeta Bose
Leonardo Folliero,NULL
Leyla Asef zade,NULL
Leyla Siavashi,NULL
Libuse Kuchtova,NULL
Libuse Srbova,Jimme Harmsen
Libuse Valentova,NULL
Lien Banh,Anshula Mitra
Liia Orav,NULL
Liidia Lepp,NULL
Lilli Sokk,NULL
Linda Green,Baalamurali Kommineni
Linda Ledezma,Zbynek Vacha
Linh Dao,NULL
Ljubomir Nesic,Izan Arana
Lorena Cindric,Hung Van Groesen
Lorin Astrom,NULL
Lorraine Paulet,Yusuf Johansson
Lucas Van Veenen,Farzana Saidi
Ludmila Smidova,NULL
Luis Saucedo,NULL
Madelaine  Paulet,Arundhati Bhowmick
Madhavi Gupta,Indu Chowdary
Madhu Dwivedi,NULL
Magdalena Cervenkova,Sylvie Panetier
Magdalena Michnova,NULL
Mahavir Sonkar,NULL
Mahmut ozbek,NULL
Maksims Krastins,NULL
Malati Shenoy,Duong Duong
Malay PrabhupÄda,Nghi Ly
Malorie Bousquet,NULL
Manali Bose,Ji-min Jun
Manca Hrastovsek,NULL
Mani Poddar,Rama Mukaddam
Manish Ghosh,Anish Naidu
Manjunatha Karnik,NULL
Marcela Jankova,Predrag Stojanovic
Marcela Lucescu,NULL
Marcella Napolitani,Pavol Oravec
Marcello Dellucci,Shobha Raju
Marco Costa,Alessandra Gallo
Margit Molnar,Amanda Kaulina
Margita Kopecka,Mirjam Johansson
Mariana Fierro,Ivana Kozakova
Marie LeBatelier,NULL
Mariela Weitzer,David Lanctot
Marija Justina Pasek,NULL
Mario Jogi,Martina Omelkova
Maris Baltins,Taneli Hahl
Mark Ruutel,Carla Osorio
Mary Barney,Amit Ghatak
Maryann Huddleston,NULL
Masa Buecek,Nguyet Trang
Matej Formanek,Mary Eder
Matteo Cattaneo,NULL
Matyas Bohuslav,Ambaajeeraav Ghattamaneni
Matyas Macek,Ethan Hopkins
Matyas Sedlar,NULL
Mauno Laurila,NULL
Mauri Enestam,Lakshmi Nair
Maurice English,Daniella Ribeiro
Mee-Kyong Sin,VÄ›ra Kopecka
Meera Patel,NULL
Melani Ravlen,NULL
Michal Polaskova,Debendra Chakraborty
Miguel Paez,Anukul Dey
Miika Putkonen,Jose Williams
Mikhail Degtyarev,NULL
Milica Stojkovic,Teemu Yli-Sirnio
Milinka Zujovic,NULL
Mina Bagheri,Lien Lo
Mina Omidzadeh,Adrian Bengtsson
Miran Nikolic,Indra Mudaliyar
Miriam House,NULL
Miroslav Kohout,Teresa Torres
Mithun Bhattacharya,Sandhya Raju
Mohini Kaul,Alejandro Baeza
Monika Valentova,Anuj Sonkar
Nada Ana Slosar,NULL
Nada Jovanovic,NULL
Nadir Seddigh,NULL
Nagur Atluri,Hanita Kamasamudram
Narendra Tickoo,NULL
Naseem Radan,Geza Olteanu
Nasrin Omidzadeh,NULL
Natalie Horackova,Francesca Greece
Neil Farrelly,NULL
Nejc Vosnik,Amalendu Veturi
Ngai Lam,Camille Hetu
Nghi Hua,Ravindra Parkar
Nguyen Banh,NULL
Nguyet Bach,Ratnam Sidhu
Nhung Thach,NULL
Nicolo Cattaneo,NULL
Nikolajs Kalejs,Philippe Lamy
Nils Balodis,Bernadette    Potvin
Nils Kalnins,Rajiv Kotadia
Nils Kaulins,NULL
Nishant Menon,Ratnam Singh
Nishant Patil,Bhaagyalakshmi Rajanala
Nitin Matondkar,Joy Dutta
Noel Cartier,Aet Kasesalu
Nu Bach,Gautama Reddy
Odessa Schneider,Konrads Sprogis
Olafs Rozitis,NULL
Olga Alexandrova,Bibi Javan
Olya Izmaylov,NULL
Om Yadav,NULL
omer ozbek,Andrei Bratianu
Ondrej Tomek,Ngon Ta
Padma Iyer,Cai Cao
Paola Greece,Izabella Baltina
Pari Hosseini,NULL
Parsa Reuser,Da-eun Kwak
Parveen Haldar,Chau Chu
Paula Gonzales,Chetana Dewangan
Pavel Bogdanov,NULL
Pavel Bohuslav,Mahendra Trivedi
Peter Macias,Nasrin Fard
Philip Walker,NULL
Phoung Cu,NULL
Pinja Jantunen,NULL
Piper Leigh,Jautrite Krievina
Pongrit Srisati,Hanna Piip
Prabodh Nair,NULL
Pracha Nantakarn,Malee Charoenkul
Pramod Nishad,Avani Aggarwal
Prasert Supitayaporn,Gulzar Parkar
Prasong Tuntayakul,Mariela Pasek
Pratap Varghese,Marcel Marquis
Premwadee Atitarn,Deeptendu Das
Premwadee Saowaluk,Adam Balaz
Preyakshna Aluri,Chandan Raut
Rachelle Brasseur,Bholanath Das
Radha Barua,NULL
Raghu Sandhu,NULL
Rahul Ghate,Chuan Wongsawat
Rahul Sarma,Deeba Hemmati
Raine Knihtila,Dhir Mazumdar
Raj Verma,NULL
Rajeev Sandhu,NULL
Raju Atluri,Cezar Preda
Rakesh Nishad,Huu Hoa
Ramesh Mukherjee,Byung-Hyun Gwak
Rani Ganguly,NULL
Ranjeet Haldar,Mandeep Desai
Ranjit Dikshit,Marek Blaho
Ratan Poddar,NULL
Ravindra Sandhu,Iulia Nechita
Raymond Desforges,Stern Neumann
Raymond Levesque,Linda Fisher
Razeena Hosseini,Leticia Ribeiro
Richard Friar,NULL
Richard Zahradnicek,NULL
Risto Valbe,NULL
Rodrigo Figueiredo,NULL
Rohan Das,Bhaanusree Ankitham
Rohana Kaskar,Grieta Kalnina
Roko Ilic,NULL
Roman Pajer,Floris Veenhuizen
Roxane Rastgu,Hue Chu
Sabine Alksne,NULL
Sabine Zalite,NULL
Samuel Almaraz,Filip Bunderla
Sang Tran,Bela Nemeth
Santiago Vera,NULL
Sara Charlton,Libor safranek
Sara Huiting,NULL
Sara Walkky,NULL
Sarmis Skujins,Amporn Jetjirawat
Satish Mittal,NULL
Selma Seppanen,Danielle  Brasseur
Seo-yeon Rim,Giovanna Araujo
Seo-yun Paik,NULL
Sercan Celik,NULL
Serdar ozCelik,NULL
Serdar ozden,NULL
Serhat Akbulut,Nadja Johansson
Serkan senturk,Fatemeh Javan
Severins Polis,Chandran Bhattacharya
Sevim AydÄ±n,Tamer Ayhan
Shah Alizadeh,NULL
Shah Omidi,Chandra Mittal
Shantanu Huq,NULL
Shi Tu,NULL
Shiva Pipalia,Aishwarya Beniwal
Shyam Poddar,NULL
Siddhartha Parkar,Paula Matos
Sintja Buecek,Esha Singh
Sirirat Kongpaisarn,Himani Sanyal
Sitara Benjaree,Roberts Sprogis
Slavko Pavlovic,Malorie Dupuy
Sointu Aalto,Jae-Gon Min
Sointu Savonheimo,NULL
Som Mukherjee,NULL
Sophie Van Lier,Shiva Nair
Staffan Persson,NULL
Stanislav Sedlar,Telma Arvidsson
Stefan Selezeanu,NULL
Steven Frasier,Amaranaath Muppavarapu
Subhash Matondkar,Gurudas De
Sulabha Khalsa,Alessandro Milano
Sumati Bhat,NULL
Sumati Chatterjee,NULL
Sung-Hwan Hwang,Reigo Rebane
Suparna Bhattacharya,NULL
Surendra Sahu,NULL
Svetlana Todorovic,NULL
Sylvie Laramee,NULL
Tai Bach,NULL
Taj Syme,NULL
Taneli Riutta,NULL
Taner YÄ±lmaz,Birol Arslan
Tarja Penttila,Gunnar Larsson
Tatjana Utjesenovic,Theresa Boose
Tea Koppel,Bozena Palatova
Telma Hermansson,Lubomir Spousta
Teodor Vlad,Peeter Keskula
Teresa Bender,Diego Buccho
Teresa Pisani,Murugan Thakur
Tereza Valentova,Brijesh Ganguly
Theodore Saucier,Chaowalit Pornpipatpong
Thomas Fischer,Neil Logan
Tian Peng,Mariano Costa
Timea Peto,Amanat Shaker Doust
Tjasa Weitzer,Shefali Bose
Tobias Gruber,Jitka Stastna
Toma Nastase,Arjuna Haldar
Tommy Kilpi,Giri Bhamidipati
Tomo Vidovic,NULL
Truman Eder,Lale Javan
Tuulikki Linna,NULL
Urve Kasesalu,NULL
Vaclav Polaskova,Georg Valbe
Valentin Tirlea,NULL
Valentina Conti,Narayan Mukherjee
Valerio Cardoso,Zac Wintle
Vallo Vesik,Dayaram Raut
Valter Viiding,NULL
Vanita Bhowmick,Bruna Cavalcante
Vanja Grgic,Daniela Omelkova
Varuna Ganguly,Natalia Pokorna
Vedrana Kovacevic,NULL
Vera Kubatova,Diego Almeida
Veronika Necesana,NULL
Victoria Ene,Panit Meesang
Victoria Lacusta,NULL
Viktorie Stejskalova,Bishnu Bandopadhyay
Vinicius Correa,Surat Pornpipatpong
Violetta KlanCisar,NULL
Viollette Monty,Gita Dutta
Vitezslav Holy,Paul Valbe
Vitezslav Rehak,Parsa Van Vossen
Vladimir Henzl,NULL
Vlasta Srbova,Gadhar Ghosh
Vlastimil Bohuslav,Beau  Boule
Volkan senturk,NULL
Waldemar Fisar,Laimonis Berzins
Yasmine Berggren,Anima Bagchi
Yavuz Cetinkaya,Jaydeb Ganguly
Youssef Eriksson,Arunima Ganguly
Yves Belisle,NULL
Zala Ibrahimagic,Wander Ellenbroek
Zuzana Kuchtova,Elias Niemi
